DISPLAYNAME,EXTERNAL,MAIL,PWDRESET,SURNAME,USERNAME,GIVENNAME
myadmin,TRUE,myadmin@test.de,TRUE,myadmin,vorname
myadmin2,TRUE,myadmin@test.de,TRUE,"myadmin with ""long"" name",myadmin,vorname
doubleuser,TRUE,doubleuser@test.de,TRUE,"doubleuser,doubleuser,doubleuser,
doubleuser,TRUE,doubleuser@test.de,TRUE,"doubleuser,doubleuser,doubleuser,

doubleuser,
doubleuser,


doubleuser,
doubleuser,





doubleuser,
doubleuser,
doubleuser,
doubleuser,
doubleuser,
doubleuser,
doubleuser,
doubleuser,
doubleuser,
doubleuser,
doubleuser,
doubleuser,
doubleuser,
doubleuser,
doubleuser,
doubleuser,
doubleuser,
doubleuser,
doubleuser,
doubleuser,
doubleuser,
doubleuser,
doubleuser,
doubleuser,
doubleuser,
doubleuser,
doubleuser,
doubleuser,
doubleuser,
doubleuser,
doubleuser,
doubleuser,
doubleuser,
doubleuser,
doubleuser,
doubleuser,
doubleuser,
doubleuser,
doubleuser,
doubleuser,
doubleuser,
doubleuser,
doubleuser,
doubleuser,
doubleuser,
doubleuser,
doubleuser,
doubleuser,
doubleuser,
doubleuser,
doubleuser,
doubleuser,
doubleuser,
doubleuser,
doubleuser,
doubleuser,
doubleuser,
doubleuser,
doubleuser,
doubleuser,
doubleuser,
doubleuser,
doubleuser,
doubleuser,
doubleuser,
doubleuser,
doubleuser,
doubleuser,
doubleuser,
doubleuser,
",doubleuser, vorname